INSERT INTO public.partner(id, change_date, change_user, create_date, create_user, uuid, version, document, fantasia, razao_social, user_id, account_id) VALUES (nextval('hibernate_sequence'), current_timestamp, 'admin', current_timestamp, 'admin', 'artraa1xza', 0, '37117268000118', 'GREEN PAY SERVICOS DIGITAIS LTDA', 'GreenPay', 1, null);
INSERT INTO public.partner_address(id, change_date, change_user, create_date, create_user, uuid, version, city, complement, country, defaults, lat, lng, neighborhood, "number", province, reference_point, street, zip, partner_id) VALUES (1, current_timestamp, 'admin', current_timestamp, 'admin', 'aazzassa1xb', 0, 'Santa Cruz do Sul', 'casa', 'Brasil', true, -30.0356898, -51.1213425, 'Centro', '12', 'RS', '', 'Manoel Elias', '91240260', 1);
INSERT INTO public.partner_account(id, change_date, change_user, create_date, create_user, uuid, version, active, last_balance, name) VALUES (1, current_timestamp, 'admin', current_timestamp, 'admin', 'aasaaa1hc', 0, 'true', 0.00, 'Conta Greenpay');
INSERT INTO public.partner_contact(id, change_date, change_user, create_date, create_user, uuid, version, document, email, name, partner_id) VALUES (1, current_timestamp, 'admin', current_timestamp, 'admin', 'aasaaa1hc', 0, '02236855001', 'andrelfa3@gmail.com', 'André Luis Fialho', 1);
update public.partner set account_id=1 where id=1;

INSERT INTO activity_branch VALUES (1,'Alimentos e Bebidas'),(2,'Arte e Antiguidades'),(3,'Artigos Religiosos'),(4,'Assinaturas e Revistas'),(5,'Automóveis e Veículos'),(6,'Bebês e Cia'),(7,'Brindes / Materiais Promocionais'),(8,'Brinquedos e Games'),(9,'Casa e Decoração'),(10,'Colecionáveis'),(11,'Compras Coletivas'),(12,'Construção e Ferramentas'),(13,'Cosméticos e Perfumaria'),(14,'Cursos e Educação'),(15,'Discos de Vinil'),(16,'DVDs, Blu-Ray, CDs, K7'),(17,'Eletrodomésticos'),(18,'Eletrônicos'),(19,'Emissoras de Rádio'),(20,'Emissoras de Televisão'),(21,'Empregos'),(22,'Empresas de Telemarketing'),(23,'Esporte e Lazer'),(24,'Flores, Cestas e Presentes'),(25,'Fotografia'),(26,'Igrejas / Templos / Instituições Religiosas'),(27,'Indústria, Comércio e Negócios'),(28,'Infláveis Promocionais'),(29,'Informática'),(30,'Ingressos'),(31,'Instrumentos Musicais'),(32,'Joalheria'),(33,'Lazer'),(34,'Livros'),(35,'Moda e Acessórios'),(36,'Motéis'),(37,'Música Digital'),(38,'Negócios e Oportunidades'),(39,'Outros Serviços'),(40,'Outros Serviços de Avaliação'),(41,'Papelaria e Escritório'),(42,'Pet Shop'),(43,'Saúde'),(44,'Serviços Advocaticios'),(45,'Serviços de Distribuição'),(46,'Serviços Administrativos'),(47,'Serviços Artísticos'),(48,'Serviços de Abatedouros / Matadouros'),(49,'Serviços de Aeroportos'),(50,'Serviços de Agências'),(51,'Serviços de Aluguel / Locação'),(52,'Serviços de Armazenagem'),(53,'Serviços de Assessorias'),(54,'Serviços de Assistência Técnica / Instalações'),(55,'Serviços de Associações'),(56,'Serviços de Bancos de Sangue'),(57,'Serviços de Bibliotecas'),(58,'Serviços de Cartórios'),(59,'Serviços de Casas Lotéricas'),(60,'Serviços de Confecções'),(61,'Serviços de Consórcios'),(62,'Serviços de Consultorias'),(63,'Serviços de Cooperativas'),(64,'Serviços de Despachante'),(65,'Serviços de Engenharia'),(66,'Serviços de Estacionamentos'),(67,'Serviços de Estaleiros'),(68,'Serviços de Exportação / Importação'),(69,'Serviços de Geólogos'),(70,'Serviços de Joalheiros'),(71,'Serviços de Leiloeiros'),(72,'Serviços de limpeza'),(73,'Serviços de Loja de Conveniência'),(74,'Serviços de Mão de Obra'),(75,'Serviços de Órgão Públicos'),(76,'Serviços de Pesquisas'),(77,'Serviços de Portos'),(78,'Serviços de Saúde / Bem Estar'),(79,'Serviços de Seguradoras'),(80,'Serviços de Segurança'),(81,'Serviços de Sinalização'),(82,'Serviços de Sindicatos / Federações'),(83,'Serviços de Traduções'),(84,'Serviços de Transporte'),(85,'Serviços de Utilidade Pública'),(86,'Serviços em Agricultura / Pecuária / Piscicultura'),(87,'Serviços em Alimentação'),(88,'Serviços em Arte'),(89,'Serviços em Cine / Foto / Som'),(90,'Serviços em Comunicação'),(91,'Serviços em Construção'),(92,'Serviços em Ecologia / Meio Ambiente'),(93,'Serviços em Eletroeletrônica / Metal Mecânica'),(94,'Serviços em Festas / Eventos'),(95,'Serviços em Informática'),(96,'Serviços em Internet'),(97,'Serviços em Jóias / Relógios / Óticas'),(98,'Serviços em Telefonia'),(99,'Serviços em Veículos'),(100,'Serviços Esotéricos / Místicos'),(101,'Serviços Financeiros'),(102,'Serviços Funerários'),(103,'Serviços Gerais'),(104,'Serviços Gráficos / Editoriais'),(105,'Serviços para Animais'),(106,'Serviços para Deficientes'),(107,'Serviços para Escritórios'),(108,'Serviços para Roupas'),(109,'Serviços Socias / Assistenciais'),(110,'Sex Shop'),(111,'Shopping Centers'),(112,'Tabacaria'),(113,'Tarifas Bancárias'),(114,'Tarifas Telefônicas'),(115,'Telefonia'),(116,'Turismo'),(117,'Salão de Beleza'),(118,'Barbearia'),(119,'Dentista');

INSERT INTO public.plan(id, change_date, change_user, create_date, create_user, uuid, version, description, name, operation, amount, active, member_fee) VALUES (1, current_timestamp, 'admin', current_timestamp, 'admin', 'aaa13aq', 0, 'Plano Mensal', 'Plano Mensal', 'MONTH',  49.90, 'true', 150.00);
INSERT INTO public.plan(id, change_date, change_user, create_date, create_user, uuid, version, description, name, operation, amount, active, member_fee) VALUES (2, current_timestamp, 'admin', current_timestamp, 'admin', 'aaa13bc', 0, 'Plano Quadrimestral', 'Plano Quadrimestral', 'QUARTER',  159.90, 'true', 150.00);
INSERT INTO public.plan(id, change_date, change_user, create_date, create_user, uuid, version, description, name, operation, amount, active, member_fee) VALUES (3, current_timestamp, 'admin', current_timestamp, 'admin', 'aaa13cx', 0, 'Plano Anual', 'Plano Anual', 'YEAR',  359.90, 'true', 150);

INSERT INTO public.plan_item(id, change_date, change_user, create_date, create_user, uuid, version, active, description, name, plan_id)	VALUES (1, current_timestamp, 'admin', current_timestamp, 'admin', 'aaa13aqa', 0, 'true', 'Promoção especial', 'Promoção especial', 1);
INSERT INTO public.plan_item(id, change_date, change_user, create_date, create_user, uuid, version, active, description, name, plan_id)	VALUES (2, current_timestamp, 'admin', current_timestamp, 'admin', 'aaa13aqb', 0, 'false', '20 produtos em destaque PUSH', '20 produtos em destaque PUSH', 1);
INSERT INTO public.plan_item(id, change_date, change_user, create_date, create_user, uuid, version, active, description, name, plan_id)	VALUES (3, current_timestamp, 'admin', current_timestamp, 'admin', 'aaa13aqc', 0, 'false', 'Produtos ilimitados', 'Produtos ilimitados', 1);
INSERT INTO public.plan_item(id, change_date, change_user, create_date, create_user, uuid, version, active, description, name, plan_id)	VALUES (4, current_timestamp, 'admin', current_timestamp, 'admin', 'aaa13aqd', 0, 'false', 'Mostrar estabelecimentos mais próximos', 'Estabelecimentos mais próximos', 1);

INSERT INTO public.plan_item(id, change_date, change_user, create_date, create_user, uuid, version, active, description, name, plan_id)	VALUES (5, current_timestamp, 'admin', current_timestamp, 'admin', 'aaa13aqe', 0, 'true', 'Desconto de 20%', 'Desconto de 20%', 2);
INSERT INTO public.plan_item(id, change_date, change_user, create_date, create_user, uuid, version, active, description, name, plan_id)	VALUES (6, current_timestamp, 'admin', current_timestamp, 'admin', 'aaa13aqf', 0, 'false', '20 produtos em destaque PUSH', '20 produtos em destaque PUSH', 2);
INSERT INTO public.plan_item(id, change_date, change_user, create_date, create_user, uuid, version, active, description, name, plan_id)	VALUES (7, current_timestamp, 'admin', current_timestamp, 'admin', 'aaa13aqg', 0, 'false', 'Produtos ilimitados', 'Produtos ilimitados', 2);
INSERT INTO public.plan_item(id, change_date, change_user, create_date, create_user, uuid, version, active, description, name, plan_id)	VALUES (8, current_timestamp, 'admin', current_timestamp, 'admin', 'aaa13aqh', 0, 'false', 'Mostrar estabelecimentos mais próximos', 'Estabelecimentos mais próximos', 2);

INSERT INTO public.plan_item(id, change_date, change_user, create_date, create_user, uuid, version, active, description, name, plan_id)	VALUES (9, current_timestamp, 'admin', current_timestamp, 'admin', 'aaa13aqi', 0, 'true', 'Desconto de 40%', 'Desconto de 40%', 3);
INSERT INTO public.plan_item(id, change_date, change_user, create_date, create_user, uuid, version, active, description, name, plan_id)	VALUES (10, current_timestamp, 'admin', current_timestamp, 'admin', 'aaa13aqj', 0, 'false', '20 produtos em destaque PUSH', '20 produtos destaque PUSH', 3);
INSERT INTO public.plan_item(id, change_date, change_user, create_date, create_user, uuid, version, active, description, name, plan_id)	VALUES (11, current_timestamp, 'admin', current_timestamp, 'admin', 'aaa13aqk', 0, 'false', 'Produtos ilimitados', 'Produtos ilimitados', 3);
INSERT INTO public.plan_item(id, change_date, change_user, create_date, create_user, uuid, version, active, description, name, plan_id)	VALUES (12, current_timestamp, 'admin', current_timestamp, 'admin', 'aaa13aql', 0, 'false', 'Mostrar estabelecimentos mais próximos', 'Estabelecimentos mais próximos', 3);
